case;pass;name;month_server;equity_start;equity_end;equity_change;balance_start;balance_end;booked_net;cycle_net_by_exit;equity_dd_relative_percent;equity_dd_money;evaluated_bars;signals;opened_cycles;closed_cycles;BE_confirmed;partial_exits;first_tick;last_tick;return_percent;complete_month
1.0;0.0;HERMES_REFERENCIA;2022-01;10000.0;7348.24;-2651.76;10000.0;7348.24;-2651.76;-2651.76;30.51243983;3226.66;963.0;21.0;6.0;6.0;0.0;0.0;2022.01.02 23:05:00;2022.01.31 23:59:59;-26.5176;True
1.0;0.0;HERMES_REFERENCIA;2022-02;7348.24;8987.99;1639.75;7348.24;8987.99;1639.75;1639.75;25.3577505;2286.27;913.0;20.0;5.0;5.0;0.0;0.0;2022.02.01 00:00:00;2022.02.28 23:59:59;22.31486723351442;True
1.0;0.0;HERMES_REFERENCIA;2022-03;8987.99;15346.58;6358.59;8987.99;15346.58;6358.59;6358.59;32.04704283;6013.48;1057.0;27.0;5.0;5.0;0.0;0.0;2022.03.01 00:00:00;2022.03.31 23:59:59;70.74540581375814;True
1.0;0.0;HERMES_REFERENCIA;2022-04;15346.58;15562.85;216.27;15346.58;15562.85;216.27;216.27;23.71949229;3858.4;916.0;20.0;5.0;5.0;0.0;0.0;2022.04.01 00:00:00;2022.04.29 20:57:59;1.4092390617323207;True
1.0;0.0;HERMES_REFERENCIA;2022-05;15562.85;15049.05;-513.8;15562.85;15049.05;-513.8;-513.8;6.88823098;1113.3;1009.0;4.0;1.0;1.0;0.0;0.0;2022.05.01 22:05:00;2022.05.31 23:59:59;-3.301451854898042;True
1.0;0.0;HERMES_REFERENCIA;2022-06;15049.05;15049.05;0.0;15049.05;15049.05;0.0;0.0;0.0;0.0;1005.0;3.0;0.0;0.0;0.0;0.0;2022.06.01 00:00:00;2022.06.30 23:59:59;0.0;True
1.0;0.0;HERMES_REFERENCIA;2022-07;15049.05;19336.47;4287.42;15049.05;17705.45;2656.4;2656.4;10.23247849;1792.5;959.0;18.0;5.0;4.0;0.0;0.0;2022.07.01 00:00:00;2022.07.31 23:59:59;28.48963888085959;True
1.0;0.0;HERMES_REFERENCIA;2022-08;19336.47;20563.86;1227.39;17705.45;20563.86;2858.41;2858.41;15.62912762;3417.29;1058.0;20.0;3.0;4.0;0.0;0.0;2022.08.01 00:00:00;2022.08.31 23:59:59;6.347539132013238;True
1.0;0.0;HERMES_REFERENCIA;2022-09;20563.86;19067.77;-1496.09;20563.86;19309.27;-1254.59;-1254.59;11.05598743;2358.89;1001.0;9.0;3.0;2.0;0.0;0.0;2022.09.01 00:00:00;2022.09.30 20:57:59;-7.275336439754015;True
1.0;0.0;HERMES_REFERENCIA;2022-10;19067.77;19694.77;627.0;19309.27;19694.77;385.5;385.5;16.69365325;3946.61;970.0;11.0;2.0;3.0;0.0;0.0;2022.10.02 22:05:00;2022.10.31 23:59:59;3.2882712556318854;True
1.0;0.0;HERMES_REFERENCIA;2022-11;19694.77;23704.44;4009.67;19694.77;23704.44;4009.67;4009.67;9.35665605;2446.89;999.0;14.0;5.0;5.0;0.0;0.0;2022.11.01 00:00:00;2022.11.30 23:59:59;20.35905979100035;True
1.0;0.0;HERMES_REFERENCIA;2022-12;23704.44;24297.77;593.33;23704.44;24297.77;593.33;593.33;7.15850682;1873.47;964.0;19.0;5.0;5.0;0.0;0.0;2022.12.01 00:00:00;2022.12.30 21:57:59;2.5030331870316282;True
1.0;0.0;HERMES_REFERENCIA;2023-01;24297.77;22943.28;-1354.49;24297.77;20368.71;-3929.06;-3929.06;20.15869554;5121.24;963.0;26.0;6.0;5.0;0.0;0.0;2023.01.02 23:01:00;2023.01.31 23:59:59;-5.574544495235571;True
1.0;0.0;HERMES_REFERENCIA;2023-02;22943.28;17842.53;-5100.75;20368.71;17842.53;-2526.18;-2526.18;31.26840351;8117.19;915.0;0.0;0.0;1.0;0.0;0.0;2023.02.01 00:00:00;2023.02.28 23:59:59;-22.231999958157683;True
1.0;0.0;HERMES_REFERENCIA;2023-03;17842.53;21067.24;3224.71;17842.53;21067.24;3224.71;3224.71;20.27113693;5186.58;1053.0;28.0;6.0;6.0;0.0;0.0;2023.03.01 00:00:00;2023.03.31 20:57:59;18.073165632900718;True
1.0;0.0;HERMES_REFERENCIA;2023-04;21067.24;19304.55;-1762.69;21067.24;19304.55;-1762.69;-1762.69;16.54121978;3826.09;878.0;11.0;4.0;4.0;0.0;0.0;2023.04.02 22:05:00;2023.04.30 23:59:59;-8.366971658366259;True
1.0;0.0;HERMES_REFERENCIA;2023-05;19304.55;21853.96;2549.41;19304.55;21876.46;2571.91;2571.91;10.90481244;2667.4;1051.0;10.0;6.0;5.0;0.0;0.0;2023.05.01 00:00:00;2023.05.31 23:59:59;13.206264844298365;True
1.0;0.0;HERMES_REFERENCIA;2023-06;21853.96;19718.3;-2135.66;21876.46;19718.3;-2158.16;-2158.16;9.77241653;2135.66;1001.0;7.0;3.0;4.0;0.0;0.0;2023.06.01 00:00:00;2023.06.30 20:57:59;-9.772416532289801;True
1.0;0.0;HERMES_REFERENCIA;2023-07;19718.3;20224.65;506.35;19718.3;20224.65;506.35;506.35;9.68762513;1983.89;965.0;31.0;9.0;9.0;0.0;0.0;2023.07.02 22:05:00;2023.07.31 23:59:59;2.567919141102428;True
1.0;0.0;HERMES_REFERENCIA;2023-08;20224.65;20832.4;607.75;20224.65;20746.46;521.81;521.81;5.75518069;1249.89;1058.0;11.0;4.0;3.0;0.0;0.0;2023.08.01 00:00:00;2023.08.31 23:59:59;3.00499637818207;True
1.0;0.0;HERMES_REFERENCIA;2023-09;20832.4;18710.28;-2122.12;20746.46;18710.28;-2036.18;-2036.18;15.14846982;3340.33;955.0;7.0;2.0;3.0;0.0;0.0;2023.09.01 00:00:00;2023.09.29 20:57:59;-10.186632361129778;True
1.0;0.0;HERMES_REFERENCIA;2023-10;18710.28;29318.07;10607.79;18710.28;29318.07;10607.79;10607.79;15.18401661;4475.58;1016.0;34.0;4.0;4.0;0.0;0.0;2023.10.01 22:05:00;2023.10.31 23:59:59;56.69498265124841;True
1.0;0.0;HERMES_REFERENCIA;2023-11;29318.07;27519.5;-1798.57;29318.07;27519.5;-1798.57;-1798.57;7.59398504;2261.57;996.0;12.0;3.0;3.0;0.0;0.0;2023.11.01 00:00:00;2023.11.30 23:59:59;-6.134680761728177;True
1.0;0.0;HERMES_REFERENCIA;2023-12;27519.5;31986.5;4467.0;27519.5;31986.5;4467.0;4467.0;7.0272917;2012.09;918.0;23.0;3.0;3.0;0.0;0.0;2023.12.01 00:00:00;2023.12.29 21:57:59;16.23212631043442;True
1.0;0.0;HERMES_REFERENCIA;2024-01;31986.5;32794.52;808.02;31986.5;32794.52;808.02;808.02;6.03976223;1953.0;1009.0;14.0;3.0;3.0;0.0;0.0;2024.01.01 23:05:00;2024.01.31 23:59:59;2.5261282103387366;True
1.0;0.0;HERMES_REFERENCIA;2024-02;32794.52;30176.72;-2617.8;32794.52;30176.72;-2617.8;-2617.8;8.5196889;2810.4;961.0;15.0;7.0;7.0;0.0;0.0;2024.02.01 00:00:00;2024.02.29 23:58:59;-7.982431211068192;True
1.0;0.0;HERMES_REFERENCIA;2024-03;30176.72;34571.51;4394.79;30176.72;31620.99;1444.27;1444.27;10.85944591;3825.28;922.0;38.0;5.0;4.0;0.0;0.0;2024.03.01 00:00:00;2024.03.31 23:58:59;14.563511209965828;True
1.0;0.0;HERMES_REFERENCIA;2024-04;34571.51;38403.9;3832.39;31620.99;38403.9;6782.91;6782.91;14.02184811;5600.88;1012.0;25.0;6.0;7.0;0.0;0.0;2024.04.01 00:00:00;2024.04.30 23:59:59;11.085399509596195;True
1.0;0.0;HERMES_REFERENCIA;2024-05;38403.9;39939.36;1535.46;38403.9;39939.36;1535.46;1535.46;6.85157989;2699.9;1047.0;17.0;4.0;4.0;0.0;0.0;2024.05.01 00:00:00;2024.05.31 20:57:59;3.9981876840633372;True
1.0;0.0;HERMES_REFERENCIA;2024-06;39939.36;37866.78;-2072.58;39939.36;38007.37;-1931.99;-1931.99;9.64391125;4019.29;917.0;21.0;4.0;3.0;0.0;0.0;2024.06.02 22:05:00;2024.06.30 23:59:59;-5.189317004578942;True
1.0;0.0;HERMES_REFERENCIA;2024-07;37866.78;39953.12;2086.34;38007.37;39953.12;1945.75;1945.75;5.39454758;2196.4;1051.0;29.0;5.0;6.0;0.0;0.0;2024.07.01 00:00:00;2024.07.31 23:59:59;5.509684213973303;True
1.0;0.0;HERMES_REFERENCIA;2024-08;39953.12;37147.45;-2805.67;39953.12;37147.45;-2805.67;-2805.67;13.34258831;5719.57;1008.0;30.0;10.0;10.0;0.0;0.0;2024.08.01 00:00:00;2024.08.30 20:57:59;-7.022405258963505;True
1.0;0.0;HERMES_REFERENCIA;2024-09;37147.45;43838.55;6691.1;37147.45;43838.55;6691.1;6691.1;7.51158094;3243.08;963.0;29.0;6.0;6.0;0.0;0.0;2024.09.01 22:05:00;2024.09.30 23:59:59;18.012272713201043;True
1.0;0.0;HERMES_REFERENCIA;2024-10;43838.55;46402.26;2563.71;43838.55;46402.26;2563.71;2563.71;9.07477706;4631.17;1058.0;31.0;7.0;7.0;0.0;0.0;2024.10.01 00:00:00;2024.10.31 23:59:59;5.848072073551703;True
1.0;0.0;HERMES_REFERENCIA;2024-11;46402.26;53118.12;6715.86;46402.26;53118.12;6715.86;6715.86;6.7598025;3851.0;948.0;10.0;3.0;3.0;0.0;0.0;2024.11.01 00:00:00;2024.11.29 18:29:59;14.473131265589219;True
1.0;0.0;HERMES_REFERENCIA;2024-12;53118.12;53456.26;338.14;53118.12;53456.26;338.14;338.14;10.01850591;5951.8;959.0;19.0;6.0;6.0;0.0;0.0;2024.12.01 23:05:00;2024.12.31 21:57:59;0.6365812645477663;True
1.0;0.0;HERMES_REFERENCIA;2025-01;53456.26;60543.62;7087.36;53456.26;60543.62;7087.36;7087.36;5.32384676;3198.08;1006.0;32.0;7.0;7.0;0.0;0.0;2025.01.01 23:05:00;2025.01.31 21:57:59;13.258241410828218;True
1.0;0.0;HERMES_REFERENCIA;2025-02;60543.62;69066.28;8522.66;60543.62;69066.28;8522.66;8522.66;5.77274064;3981.79;915.0;35.0;8.0;8.0;0.0;0.0;2025.02.02 23:05:00;2025.02.28 21:57:59;14.076891999520345;True
1.0;0.0;HERMES_REFERENCIA;2025-03;69066.28;72792.14;3725.86;69066.28;68656.13;-410.15;-410.15;8.8247373;6534.5;970.0;24.0;10.0;9.0;0.0;0.0;2025.03.02 23:05:00;2025.03.31 23:59:59;5.394615143598294;True
1.0;0.0;HERMES_REFERENCIA;2025-04;72792.14;88375.73;15583.59;68656.13;88375.73;19719.6;19719.6;8.53743693;7553.47;966.0;18.0;1.0;2.0;0.0;0.0;2025.04.01 00:00:00;2025.04.30 23:59:59;21.408341614905126;True
1.0;0.0;HERMES_REFERENCIA;2025-05;88375.73;88375.73;0.0;88375.73;88375.73;0.0;0.0;0.0;0.0;1003.0;0.0;0.0;0.0;0.0;0.0;2025.05.01 00:00:00;2025.05.30 20:57:59;0.0;True
1.0;0.0;HERMES_REFERENCIA;2025-06;88375.73;90911.45;2535.72;88375.73;90911.45;2535.72;2535.72;4.76731951;4551.0;963.0;15.0;2.0;2.0;0.0;0.0;2025.06.01 22:05:00;2025.06.30 23:59:59;2.869249283711716;True
1.0;0.0;HERMES_REFERENCIA;2025-07;90911.45;90945.28;33.83;90911.45;90945.28;33.83;33.83;5.11770708;4750.29;1050.0;17.0;5.0;5.0;0.0;0.0;2025.07.01 00:00:00;2025.07.31 23:59:59;0.03721203434770868;True
1.0;0.0;HERMES_REFERENCIA;2025-08;90945.28;98135.34;7190.06;90945.28;98135.34;7190.06;7190.06;3.84797723;3608.69;966.0;14.0;3.0;3.0;0.0;0.0;2025.08.01 00:00:00;2025.08.31 23:59:59;7.905918811839383;True
1.0;0.0;HERMES_REFERENCIA;2025-09;98135.34;116591.74;18456.4;98135.34;116591.74;18456.4;18456.4;6.36565222;7419.09;1007.0;36.0;5.0;5.0;0.0;0.0;2025.09.01 00:00:00;2025.09.30 23:59:59;18.807088251795943;True
1.0;0.0;HERMES_REFERENCIA;2025-10;116591.74;137305.31;20713.57;116591.74;137305.31;20713.57;20713.57;4.9586413;7163.7;1054.0;31.0;7.0;7.0;0.0;0.0;2025.10.01 00:00:00;2025.10.31 20:57:59;17.765898338938932;True
1.0;0.0;HERMES_REFERENCIA;2025-11;137305.31;154234.69;16929.38;137305.31;154234.69;16929.38;16929.38;4.35548366;6535.3;913.0;22.0;3.0;3.0;0.0;0.0;2025.11.02 23:01:00;2025.11.30 23:59:59;12.329734370797459;True
1.0;0.0;HERMES_REFERENCIA;2025-12;154234.69;148281.94;-5952.75;154234.69;148281.94;-5952.75;-5952.75;7.88118258;12382.07;1003.0;26.0;9.0;9.0;0.0;0.0;2025.12.01 00:00:00;2025.12.31 21:57:59;-3.8595402888935038;True
1.0;0.0;HERMES_REFERENCIA;2026-01;148281.94;203519.75;55237.81;148281.94;203519.75;55237.81;55237.81;6.83348448;12616.37;961.0;30.0;9.0;9.0;0.0;0.0;2026.01.01 23:05:00;2026.01.30 21:57:58;37.25187976364485;True
1.0;0.0;HERMES_REFERENCIA;2026-02;203519.75;189563.41;-13956.34;203519.75;189563.41;-13956.34;-13956.34;11.66394299;25030.06;915.0;22.0;5.0;5.0;0.0;0.0;2026.02.01 23:01:38;2026.02.27 21:57:58;-6.857486804106236;True
1.0;0.0;HERMES_REFERENCIA;2026-03;189563.41;205835.62;16272.21;189563.41;186956.71;-2606.7;-2606.7;5.07838234;9867.79;1016.0;7.0;2.0;1.0;0.0;0.0;2026.03.01 23:01:31;2026.03.31 23:59:59;8.584045834583794;True
1.0;0.0;HERMES_REFERENCIA;2026-04;205835.62;204456.9;-1378.72;186956.71;204456.9;17500.19;17500.19;9.69559233;21951.65;966.0;10.0;3.0;4.0;0.0;0.0;2026.04.01 00:00:00;2026.04.30 23:59:59;-0.6698160405861726;True
1.0;0.0;HERMES_REFERENCIA;2026-05;204456.9;199430.15;-5026.75;204456.9;199430.15;-5026.75;-5026.75;5.27333986;11102.08;961.0;11.0;2.0;2.0;0.0;0.0;2026.05.01 00:00:00;2026.05.31 23:59:59;-2.4585866263256464;True
1.0;0.0;HERMES_REFERENCIA;2026-06;199430.15;197029.35;-2400.8;199430.15;197029.35;-2400.8;-2400.8;2.04701192;4117.5;1004.0;2.0;1.0;1.0;0.0;0.0;2026.06.01 00:00:00;2026.06.30 23:59:59;-1.203830012663582;True
1.0;0.0;HERMES_REFERENCIA;2026-07;197029.35;201719.56;4690.21;197029.35;201719.56;4690.21;4690.21;4.06087078;8538.3;1046.0;20.0;6.0;6.0;0.0;0.0;2026.07.01 00:00:00;2026.07.31 20:57:59;2.3804626062056236;True
1.0;0.0;HERMES_REFERENCIA;2026-08;201719.56;214912.54;13192.98;201719.56;214912.54;13192.98;13192.98;3.85373967;8136.9;970.0;34.0;12.0;12.0;0.0;0.0;2026.08.02 22:01:30;2026.08.31 23:59:58;6.540258168320415;True
1.0;0.0;HERMES_REFERENCIA;2026-09;214912.54;214912.54;0.0;214912.54;214912.54;0.0;0.0;0.0;0.0;405.0;0.0;0.0;0.0;0.0;0.0;2026.09.01 00:00:00;2026.09.11 20:57:59;0.0;False
2.0;1.0;HERMES_PIVO_CONTINUIDADE;2022-01;10000.0;7348.24;-2651.76;10000.0;7348.24;-2651.76;-2651.76;30.51243983;3226.66;963.0;21.0;6.0;6.0;0.0;0.0;2022.01.02 23:05:00;2022.01.31 23:59:59;-26.5176;True
2.0;1.0;HERMES_PIVO_CONTINUIDADE;2022-02;7348.24;12529.03;5180.79;7348.24;12529.03;5180.79;5180.79;33.82286719;3049.49;913.0;27.0;5.0;5.0;0.0;0.0;2022.02.01 00:00:00;2022.02.28 23:59:59;70.50382132320121;True
2.0;1.0;HERMES_PIVO_CONTINUIDADE;2022-03;12529.03;18887.62;6358.59;12529.03;18887.62;6358.59;6358.59;24.54822332;6013.48;1057.0;29.0;5.0;5.0;0.0;0.0;2022.03.01 00:00:00;2022.03.31 23:59:59;50.75085621153433;True
2.0;1.0;HERMES_PIVO_CONTINUIDADE;2022-04;18887.62;21558.6;2670.98;18887.62;21558.6;2670.98;2670.98;16.79689295;3327.1;916.0;23.0;7.0;7.0;0.0;0.0;2022.04.01 00:00:00;2022.04.29 20:57:59;14.141432324453797;True
2.0;1.0;HERMES_PIVO_CONTINUIDADE;2022-05;21558.6;20422.0;-1136.6;21558.6;20422.0;-1136.6;-1136.6;7.83505806;1736.1;1009.0;6.0;2.0;2.0;0.0;0.0;2022.05.01 22:05:00;2022.05.31 23:59:59;-5.272141975824033;True
2.0;1.0;HERMES_PIVO_CONTINUIDADE;2022-06;20422.0;19667.71;-754.29;20422.0;19667.71;-754.29;-754.29;4.86419681;1005.59;1005.0;5.0;1.0;1.0;0.0;0.0;2022.06.01 00:00:00;2022.06.30 23:59:59;-3.6935167956125747;True
2.0;1.0;HERMES_PIVO_CONTINUIDADE;2022-07;19667.71;23955.13;4287.42;19667.71;22324.11;2656.4;2656.4;8.09751897;1792.5;959.0;18.0;5.0;4.0;0.0;0.0;2022.07.01 00:00:00;2022.07.31 23:59:59;21.799284207464925;True
2.0;1.0;HERMES_PIVO_CONTINUIDADE;2022-08;23955.13;24267.93;312.8;22324.11;24267.93;1943.82;1943.82;12.90344871;3417.29;1058.0;24.0;5.0;6.0;0.0;0.0;2022.08.01 00:00:00;2022.08.31 23:59:59;1.3057745877396616;True
2.0;1.0;HERMES_PIVO_CONTINUIDADE;2022-09;24267.93;22771.84;-1496.09;24267.93;23013.34;-1254.59;-1254.59;9.42051356;2358.89;1001.0;11.0;3.0;2.0;0.0;0.0;2022.09.01 00:00:00;2022.09.30 20:57:59;-6.164885097328037;True
2.0;1.0;HERMES_PIVO_CONTINUIDADE;2022-10;22771.84;23398.84;627.0;23013.34;23398.84;385.5;385.5;14.43241929;3946.61;970.0;11.0;2.0;3.0;0.0;0.0;2022.10.02 22:05:00;2022.10.31 23:59:59;2.753400691380231;True
2.0;1.0;HERMES_PIVO_CONTINUIDADE;2022-11;23398.84;26306.51;2907.67;23398.84;26306.51;2907.67;2907.67;9.86507091;2879.19;999.0;20.0;7.0;7.0;0.0;0.0;2022.11.01 00:00:00;2022.11.30 23:59:59;12.426556188255486;True
2.0;1.0;HERMES_PIVO_CONTINUIDADE;2022-12;26306.51;24922.19;-1384.32;26306.51;24922.19;-1384.32;-1384.32;15.08088244;4425.96;964.0;25.0;9.0;9.0;0.0;0.0;2022.12.01 00:00:00;2022.12.30 21:57:59;-5.262271582205318;True
2.0;1.0;HERMES_PIVO_CONTINUIDADE;2023-01;24922.19;31697.53;6775.34;24922.19;29122.96;4200.77;4200.77;14.99241632;5121.24;963.0;32.0;4.0;3.0;0.0;0.0;2023.01.02 23:01:00;2023.01.31 23:59:59;27.1859736243083;True
2.0;1.0;HERMES_PIVO_CONTINUIDADE;2023-02;31697.53;26596.78;-5100.75;29122.96;26596.78;-2526.18;-2526.18;23.38306451;8117.19;915.0;0.0;0.0;1.0;0.0;0.0;2023.02.01 00:00:00;2023.02.28 23:59:59;-16.0919478583978;True
2.0;1.0;HERMES_PIVO_CONTINUIDADE;2023-03;26596.78;28424.39;1827.61;26596.78;28424.39;1827.61;1827.61;18.9006175;5205.85;1053.0;29.0;7.0;7.0;0.0;0.0;2023.03.01 00:00:00;2023.03.31 20:57:59;6.871546104453246;True
2.0;1.0;HERMES_PIVO_CONTINUIDADE;2023-04;28424.39;26661.7;-1762.69;28424.39;26661.7;-1762.69;-1762.69;12.54958132;3826.09;878.0;13.0;4.0;4.0;0.0;0.0;2023.04.02 22:05:00;2023.04.30 23:59:59;-6.201329210582883;True
2.0;1.0;HERMES_PIVO_CONTINUIDADE;2023-05;26661.7;29027.11;2365.41;26661.7;29049.61;2387.91;2387.91;8.43209075;2667.4;1051.0;11.0;7.0;6.0;0.0;0.0;2023.05.01 00:00:00;2023.05.31 23:59:59;8.871939898806152;True
2.0;1.0;HERMES_PIVO_CONTINUIDADE;2023-06;29027.11;26425.95;-2601.16;29049.61;26425.95;-2623.66;-2623.66;8.96114012;2601.16;1001.0;8.0;4.0;5.0;0.0;0.0;2023.06.01 00:00:00;2023.06.30 20:57:59;-8.961140120390903;True
2.0;1.0;HERMES_PIVO_CONTINUIDADE;2023-07;26425.95;26932.3;506.35;26425.95;26932.3;506.35;506.35;7.29740218;1983.89;965.0;32.0;9.0;9.0;0.0;0.0;2023.07.02 22:05:00;2023.07.31 23:59:59;1.9161089762146677;True
2.0;1.0;HERMES_PIVO_CONTINUIDADE;2023-08;26932.3;27907.55;975.25;26932.3;27821.61;889.31;889.31;4.34098108;1249.89;1058.0;12.0;4.0;3.0;0.0;0.0;2023.08.01 00:00:00;2023.08.31 23:59:59;3.6211166517527285;True
2.0;1.0;HERMES_PIVO_CONTINUIDADE;2023-09;27907.55;25785.43;-2122.12;27821.61;25785.43;-2036.18;-2036.18;11.46864494;3340.33;955.0;8.0;2.0;3.0;0.0;0.0;2023.09.01 00:00:00;2023.09.29 20:57:59;-7.604107132299324;True
2.0;1.0;HERMES_PIVO_CONTINUIDADE;2023-10;25785.43;36393.22;10607.79;25785.43;36393.22;10607.79;10607.79;12.24483766;4475.58;1016.0;38.0;4.0;4.0;0.0;0.0;2023.10.01 22:05:00;2023.10.31 23:59:59;41.13869731860201;True
2.0;1.0;HERMES_PIVO_CONTINUIDADE;2023-11;36393.22;34187.95;-2205.27;36393.22;34187.95;-2205.27;-2205.27;6.20466333;2261.57;996.0;13.0;4.0;4.0;0.0;0.0;2023.11.01 00:00:00;2023.11.30 23:59:59;-6.059562742730651;True
2.0;1.0;HERMES_PIVO_CONTINUIDADE;2023-12;34187.95;39018.24;4830.29;34187.95;39018.24;4830.29;4830.29;5.76869596;2012.09;918.0;27.0;5.0;5.0;0.0;0.0;2023.12.01 00:00:00;2023.12.29 21:57:59;14.128633041758867;True
2.0;1.0;HERMES_PIVO_CONTINUIDADE;2024-01;39018.24;39339.96;321.72;39018.24;39339.96;321.72;321.72;5.43982542;2124.39;1009.0;15.0;4.0;4.0;0.0;0.0;2024.01.01 23:05:00;2024.01.31 23:59:59;0.8245374471016633;True
2.0;1.0;HERMES_PIVO_CONTINUIDADE;2024-02;39339.96;36929.16;-2410.8;39339.96;36929.16;-2410.8;-2410.8;6.58545766;2603.4;961.0;17.0;7.0;7.0;0.0;0.0;2024.02.01 00:00:00;2024.02.29 23:58:59;-6.128120109934022;True
2.0;1.0;HERMES_PIVO_CONTINUIDADE;2024-03;36929.16;41323.95;4394.79;36929.16;38373.43;1444.27;1444.27;9.11262403;3825.28;922.0;42.0;5.0;4.0;0.0;0.0;2024.03.01 00:00:00;2024.03.31 23:58:59;11.900595626870471;True
2.0;1.0;HERMES_PIVO_CONTINUIDADE;2024-04;41323.95;46560.74;5236.79;38373.43;46560.74;8187.31;8187.31;8.98673324;4196.48;1012.0;26.0;5.0;6.0;0.0;0.0;2024.04.01 00:00:00;2024.04.30 23:59:59;12.672530094533558;True
2.0;1.0;HERMES_PIVO_CONTINUIDADE;2024-05;46560.74;47708.22;1147.48;46560.74;47708.22;1147.48;1147.48;9.96533194;4922.58;1047.0;22.0;4.0;4.0;0.0;0.0;2024.05.01 00:00:00;2024.05.31 20:57:59;2.4644797312070215;True
2.0;1.0;HERMES_PIVO_CONTINUIDADE;2024-06;47708.22;45635.64;-2072.58;47708.22;45776.23;-1931.99;-1931.99;8.12867334;4019.29;917.0;24.0;4.0;3.0;0.0;0.0;2024.06.02 22:05:00;2024.06.30 23:59:59;-4.344282809125974;True
2.0;1.0;HERMES_PIVO_CONTINUIDADE;2024-07;45635.64;52040.62;6404.98;45776.23;52040.62;6264.39;6264.39;4.32926492;2196.4;1051.0;36.0;5.0;6.0;0.0;0.0;2024.07.01 00:00:00;2024.07.31 23:59:59;14.035039280702538;True
2.0;1.0;HERMES_PIVO_CONTINUIDADE;2024-08;52040.62;49234.95;-2805.67;52040.62;49234.95;-2805.67;-2805.67;10.40782451;5719.57;1008.0;32.0;10.0;10.0;0.0;0.0;2024.08.01 00:00:00;2024.08.30 20:57:59;-5.391307789953309;True
2.0;1.0;HERMES_PIVO_CONTINUIDADE;2024-09;49234.95;55926.05;6691.1;49234.95;55926.05;6691.1;6691.1;5.86856406;3243.08;963.0;34.0;6.0;6.0;0.0;0.0;2024.09.01 22:05:00;2024.09.30 23:59:59;13.590142774594064;True
2.0;1.0;HERMES_PIVO_CONTINUIDADE;2024-10;55926.05;56410.47;484.42;55926.05;56410.47;484.42;484.42;8.51622368;5251.25;1058.0;35.0;9.0;9.0;0.0;0.0;2024.10.01 00:00:00;2024.10.31 23:59:59;0.8661795352970574;True
2.0;1.0;HERMES_PIVO_CONTINUIDADE;2024-11;56410.47;56765.8;355.33;56410.47;56765.8;355.33;355.33;6.35302424;3851.0;948.0;14.0;5.0;5.0;0.0;0.0;2024.11.01 00:00:00;2024.11.29 18:29:59;0.6299007967847103;True
2.0;1.0;HERMES_PIVO_CONTINUIDADE;2024-12;56765.8;56100.05;-665.75;56765.8;56100.05;-665.75;-665.75;9.59165601;5951.8;959.0;22.0;7.0;7.0;0.0;0.0;2024.12.01 23:05:00;2024.12.31 21:57:59;-1.1728012289089558;True
2.0;1.0;HERMES_PIVO_CONTINUIDADE;2025-01;56100.05;62370.93;6270.88;56100.05;62370.93;6270.88;6270.88;6.66527123;3919.89;1006.0;35.0;8.0;8.0;0.0;0.0;2025.01.01 23:05:00;2025.01.31 21:57:59;11.178029253093356;True
2.0;1.0;HERMES_PIVO_CONTINUIDADE;2025-02;62370.93;70893.59;8522.66;62370.93;70893.59;8522.66;8522.66;5.6237557;3981.79;915.0;40.0;8.0;8.0;0.0;0.0;2025.02.02 23:05:00;2025.02.28 21:57:59;13.664474780158;True
2.0;1.0;HERMES_PIVO_CONTINUIDADE;2025-03;70893.59;77437.6;6544.01;70893.59;73301.59;2408.0;2408.0;7.2164507;5612.29;970.0;31.0;9.0;8.0;0.0;0.0;2025.03.02 23:05:00;2025.03.31 23:59:59;9.230749916882472;True
2.0;1.0;HERMES_PIVO_CONTINUIDADE;2025-04;77437.6;99823.8;22386.2;73301.59;99823.8;26522.21;26522.21;8.11153205;7553.47;966.0;21.0;2.0;3.0;0.0;0.0;2025.04.01 00:00:00;2025.04.30 23:59:59;28.90869551742306;True
2.0;1.0;HERMES_PIVO_CONTINUIDADE;2025-05;99823.8;97949.51;-1874.29;99823.8;97949.51;-1874.29;-1874.29;1.99423469;1993.09;1003.0;4.0;1.0;1.0;0.0;0.0;2025.05.01 00:00:00;2025.05.30 20:57:59;-1.8775983282543842;True
2.0;1.0;HERMES_PIVO_CONTINUIDADE;2025-06;97949.51;97259.44;-690.07;97949.51;97259.44;-690.07;-690.07;6.90664675;6980.59;963.0;18.0;4.0;4.0;0.0;0.0;2025.06.01 22:05:00;2025.06.30 23:59:59;-0.7045160307591125;True
2.0;1.0;HERMES_PIVO_CONTINUIDADE;2025-07;97259.44;96872.17;-387.27;97259.44;96872.17;-387.27;-387.27;4.69671616;4652.49;1050.0;20.0;6.0;6.0;0.0;0.0;2025.07.01 00:00:00;2025.07.31 23:59:59;-0.3981824283586251;True
2.0;1.0;HERMES_PIVO_CONTINUIDADE;2025-08;96872.17;101484.76;4612.59;96872.17;102018.25;5146.08;5146.08;3.66329954;3608.69;966.0;17.0;6.0;5.0;0.0;0.0;2025.08.01 00:00:00;2025.08.31 23:59:59;4.761522323697301;True
2.0;1.0;HERMES_PIVO_CONTINUIDADE;2025-09;101484.76;117520.76;16036.0;102018.25;117148.26;15130.01;15130.01;6.27186546;7419.09;1007.0;40.0;8.0;8.0;0.0;0.0;2025.09.01 00:00:00;2025.09.30 23:59:59;15.801387321603757;True
2.0;1.0;HERMES_PIVO_CONTINUIDADE;2025-10;117520.76;131772.78;14252.02;117148.26;131772.78;14624.52;14624.52;10.28747502;15110.59;1054.0;37.0;8.0;9.0;0.0;0.0;2025.10.01 00:00:00;2025.10.31 20:57:59;12.127236073013824;True
2.0;1.0;HERMES_PIVO_CONTINUIDADE;2025-11;131772.78;145036.22;13263.44;131772.78;145036.22;13263.44;13263.44;5.28927427;7643.8;913.0;26.0;4.0;4.0;0.0;0.0;2025.11.02 23:01:00;2025.11.30 23:59:59;10.065386796878688;True
2.0;1.0;HERMES_PIVO_CONTINUIDADE;2025-12;145036.22;144848.87;-187.35;145036.22;144848.87;-187.35;-187.35;7.86825467;11638.0;1003.0;31.0;10.0;10.0;0.0;0.0;2025.12.01 00:00:00;2025.12.31 21:57:59;-0.12917462962010454;True
2.0;1.0;HERMES_PIVO_CONTINUIDADE;2026-01;144848.87;197527.58;52678.71;144848.87;197527.58;52678.71;52678.71;7.07175282;12616.37;961.0;37.0;10.0;10.0;0.0;0.0;2026.01.01 23:05:00;2026.01.30 21:57:58;36.36805036863595;True
2.0;1.0;HERMES_PIVO_CONTINUIDADE;2026-02;197527.58;183571.24;-13956.34;197527.58;183571.24;-13956.34;-13956.34;11.99899521;25030.06;915.0;24.0;5.0;5.0;0.0;0.0;2026.02.01 23:01:38;2026.02.27 21:57:58;-7.0655145980120855;True
2.0;1.0;HERMES_PIVO_CONTINUIDADE;2026-03;183571.24;196550.25;12979.01;183571.24;177671.34;-5899.9;-5899.9;5.33323886;9867.79;1016.0;9.0;3.0;2.0;0.0;0.0;2026.03.01 23:01:31;2026.03.31 23:59:59;7.070285083872616;True
2.0;1.0;HERMES_PIVO_CONTINUIDADE;2026-04;196550.25;192659.84;-3890.41;177671.34;192659.84;14988.5;14988.5;11.26703284;24463.34;966.0;16.0;4.0;5.0;0.0;0.0;2026.04.01 00:00:00;2026.04.30 23:59:59;-1.9793462486056366;True
2.0;1.0;HERMES_PIVO_CONTINUIDADE;2026-05;192659.84;185512.5;-7147.34;192659.84;185512.5;-7147.34;-7147.34;6.65341218;13222.67;961.0;13.0;3.0;3.0;0.0;0.0;2026.05.01 00:00:00;2026.05.31 23:59:59;-3.7098234899395743;True
2.0;1.0;HERMES_PIVO_CONTINUIDADE;2026-06;185512.5;183111.7;-2400.8;185512.5;183111.7;-2400.8;-2400.8;2.1991762;4117.5;1004.0;2.0;1.0;1.0;0.0;0.0;2026.06.01 00:00:00;2026.06.30 23:59:59;-1.2941445994205243;True
2.0;1.0;HERMES_PIVO_CONTINUIDADE;2026-07;183111.7;188331.01;5219.31;183111.7;188331.01;5219.31;5219.31;4.07924592;8009.2;1046.0;21.0;5.0;5.0;0.0;0.0;2026.07.01 00:00:00;2026.07.31 20:57:59;2.8503421681956973;True
2.0;1.0;HERMES_PIVO_CONTINUIDADE;2026-08;188331.01;201523.99;13192.98;188331.01;201523.99;13192.98;13192.98;4.11464907;8136.9;970.0;38.0;12.0;12.0;0.0;0.0;2026.08.02 22:01:30;2026.08.31 23:59:58;7.005208542130156;True
2.0;1.0;HERMES_PIVO_CONTINUIDADE;2026-09;201523.99;201523.99;0.0;201523.99;201523.99;0.0;0.0;0.0;0.0;405.0;0.0;0.0;0.0;0.0;0.0;2026.09.01 00:00:00;2026.09.11 20:57:59;0.0;False
3.0;2.0;HERMES_PIVO_INICIO;2022-01;10000.0;10074.36;74.36;10000.0;10074.36;74.36;74.36;18.59793714;2301.69;963.0;23.0;6.0;6.0;0.0;0.0;2022.01.02 23:05:00;2022.01.31 23:59:59;0.7436;True
3.0;2.0;HERMES_PIVO_INICIO;2022-02;10074.36;15255.15;5180.79;10074.36;15255.15;5180.79;5180.79;25.97039051;3049.49;913.0;27.0;5.0;5.0;0.0;0.0;2022.02.01 00:00:00;2022.02.28 23:59:59;51.425499982132855;True
3.0;2.0;HERMES_PIVO_INICIO;2022-03;15255.15;20812.38;5557.23;15255.15;20812.38;5557.23;5557.23;24.66712177;6814.84;1057.0;33.0;6.0;6.0;0.0;0.0;2022.03.01 00:00:00;2022.03.31 23:59:59;36.428550358403555;True
3.0;2.0;HERMES_PIVO_INICIO;2022-04;20812.38;23482.07;2669.69;20812.38;23483.36;2670.98;2670.98;15.30926595;3327.1;916.0;26.0;8.0;7.0;0.0;0.0;2022.04.01 00:00:00;2022.04.29 20:57:59;12.827413299199803;True
3.0;2.0;HERMES_PIVO_INICIO;2022-05;23482.07;19666.58;-3815.49;23483.36;19666.58;-3816.78;-3816.78;18.38502904;4430.2;1009.0;9.0;4.0;5.0;0.0;0.0;2022.05.01 22:05:00;2022.05.31 23:59:59;-16.248524938389163;True
3.0;2.0;HERMES_PIVO_INICIO;2022-06;19666.58;18493.79;-1172.79;19666.58;18493.79;-1172.79;-1172.79;5.97388348;1174.99;1005.0;6.0;2.0;2.0;0.0;0.0;2022.06.01 00:00:00;2022.06.30 23:59:59;-5.963365262287596;True
3.0;2.0;HERMES_PIVO_INICIO;2022-07;18493.79;22249.01;3755.22;18493.79;20617.99;2124.2;2124.2;8.77373743;1792.5;959.0;19.0;6.0;5.0;0.0;0.0;2022.07.01 00:00:00;2022.07.31 23:59:59;20.305302482617137;True
3.0;2.0;HERMES_PIVO_INICIO;2022-08;22249.01;22229.31;-19.7;20617.99;22229.31;1611.32;1611.32;13.79195251;3464.46;1058.0;25.0;6.0;7.0;0.0;0.0;2022.08.01 00:00:00;2022.08.31 23:59:59;-0.08854326552057823;True
3.0;2.0;HERMES_PIVO_INICIO;2022-09;22229.31;20733.22;-1496.09;22229.31;20974.72;-1254.59;-1254.59;10.25545936;2358.89;1001.0;11.0;3.0;2.0;0.0;0.0;2022.09.01 00:00:00;2022.09.30 20:57:59;-6.730258384088395;True
3.0;2.0;HERMES_PIVO_INICIO;2022-10;20733.22;20522.72;-210.5;20974.72;20522.72;-452.0;-452.0;18.90442224;4784.11;970.0;12.0;3.0;4.0;0.0;0.0;2022.10.02 22:05:00;2022.10.31 23:59:59;-1.0152788616529413;True
3.0;2.0;HERMES_PIVO_INICIO;2022-11;20522.72;22909.69;2386.97;20522.72;22909.69;2386.97;2386.97;12.47023012;2879.19;999.0;22.0;8.0;8.0;0.0;0.0;2022.11.01 00:00:00;2022.11.30 23:59:59;11.63086569421597;True
3.0;2.0;HERMES_PIVO_INICIO;2022-12;22909.69;24614.58;1704.89;22909.69;24225.57;1315.88;1315.88;12.41358343;3221.49;964.0;29.0;10.0;9.0;0.0;0.0;2022.12.01 00:00:00;2022.12.30 21:57:59;7.441785550131844;True
3.0;2.0;HERMES_PIVO_INICIO;2023-01;24614.58;31523.93;6909.35;24225.57;28949.36;4723.79;4723.79;15.06899901;5121.24;963.0;32.0;3.0;3.0;0.0;0.0;2023.01.02 23:01:00;2023.01.31 23:59:59;28.070151918090822;True
3.0;2.0;HERMES_PIVO_INICIO;2023-02;31523.93;26070.18;-5453.75;28949.36;26070.18;-2879.18;-2879.18;24.52258039;8470.19;915.0;1.0;1.0;2.0;0.0;0.0;2023.02.01 00:00:00;2023.02.28 23:59:59;-17.300349290205883;True
3.0;2.0;HERMES_PIVO_INICIO;2023-03;26070.18;27261.69;1191.51;26070.18;27261.69;1191.51;1191.51;19.26902195;5822.68;1053.0;31.0;8.0;8.0;0.0;0.0;2023.03.01 00:00:00;2023.03.31 20:57:59;4.570394220523219;True
3.0;2.0;HERMES_PIVO_INICIO;2023-04;27261.69;27873.4;611.71;27261.69;27873.4;611.71;611.71;7.26979966;2185.2;878.0;16.0;5.0;5.0;0.0;0.0;2023.04.02 22:05:00;2023.04.30 23:59:59;2.24384475063725;True
3.0;2.0;HERMES_PIVO_INICIO;2023-05;27873.4;29701.91;1828.51;27873.4;29724.41;1851.01;1851.01;8.25597803;2667.4;1051.0;12.0;8.0;7.0;0.0;0.0;2023.05.01 00:00:00;2023.05.31 23:59:59;6.560053671242116;True
3.0;2.0;HERMES_PIVO_INICIO;2023-06;29701.91;26654.15;-3047.76;29724.41;26654.15;-3070.26;-3070.26;10.26115829;3047.76;1001.0;9.0;5.0;6.0;0.0;0.0;2023.06.01 00:00:00;2023.06.30 20:57:59;-10.261158289147062;True
3.0;2.0;HERMES_PIVO_INICIO;2023-07;26654.15;26860.8;206.65;26654.15;26860.8;206.65;206.65;7.23665804;2009.0;965.0;33.0;10.0;10.0;0.0;0.0;2023.07.02 22:05:00;2023.07.31 23:59:59;0.7753014070979566;True
3.0;2.0;HERMES_PIVO_INICIO;2023-08;26860.8;27836.05;975.25;26860.8;27750.11;889.31;889.31;4.3517877;1249.89;1058.0;13.0;4.0;3.0;0.0;0.0;2023.08.01 00:00:00;2023.08.31 23:59:59;3.630755599237551;True
3.0;2.0;HERMES_PIVO_INICIO;2023-09;27836.05;25526.13;-2309.92;27750.11;25526.13;-2223.98;-2223.98;12.14324509;3528.13;955.0;10.0;3.0;4.0;0.0;0.0;2023.09.01 00:00:00;2023.09.29 20:57:59;-8.298303818250075;True
3.0;2.0;HERMES_PIVO_INICIO;2023-10;25526.13;36133.92;10607.79;25526.13;36133.92;10607.79;10607.79;12.33232621;4475.58;1016.0;38.0;4.0;4.0;0.0;0.0;2023.10.01 22:05:00;2023.10.31 23:59:59;41.556593185100915;True
3.0;2.0;HERMES_PIVO_INICIO;2023-11;36133.92;32617.46;-3516.46;36133.92;32617.46;-3516.46;-3516.46;9.86768696;3570.96;996.0;15.0;6.0;6.0;0.0;0.0;2023.11.01 00:00:00;2023.11.30 23:59:59;-9.731742362854625;True
3.0;2.0;HERMES_PIVO_INICIO;2023-12;32617.46;36655.25;4037.79;32617.46;36655.25;4037.79;4037.79;6.52937957;2130.88;918.0;28.0;6.0;6.0;0.0;0.0;2023.12.01 00:00:00;2023.12.29 21:57:59;12.379228793413098;True
3.0;2.0;HERMES_PIVO_INICIO;2024-01;36655.25;38810.17;2154.92;36655.25;38810.17;2154.92;2154.92;5.51463745;2124.39;1009.0;16.0;5.0;5.0;0.0;0.0;2024.01.01 23:05:00;2024.01.31 23:59:59;5.878885016471037;True
3.0;2.0;HERMES_PIVO_INICIO;2024-02;38810.17;38124.38;-685.79;38810.17;38124.38;-685.79;-685.79;4.18092143;1663.5;961.0;20.0;8.0;8.0;0.0;0.0;2024.02.01 00:00:00;2024.02.29 23:58:59;-1.767036835963357;True
3.0;2.0;HERMES_PIVO_INICIO;2024-03;38124.38;42044.47;3920.09;38124.38;39093.95;969.57;969.57;9.95987541;4299.98;922.0;44.0;6.0;5.0;0.0;0.0;2024.03.01 00:00:00;2024.03.31 23:58:59;10.282370493631635;True
3.0;2.0;HERMES_PIVO_INICIO;2024-04;42044.47;46430.86;4386.39;39093.95;46430.86;7336.91;7336.91;9.2935381;4757.18;1012.0;27.0;6.0;7.0;0.0;0.0;2024.04.01 00:00:00;2024.04.30 23:59:59;10.432739430417366;True
3.0;2.0;HERMES_PIVO_INICIO;2024-05;46430.86;47516.25;1085.39;46430.86;47516.25;1085.39;1085.39;10.00421095;4922.58;1047.0;23.0;4.0;4.0;0.0;0.0;2024.05.01 00:00:00;2024.05.31 20:57:59;2.337647848866035;True
3.0;2.0;HERMES_PIVO_INICIO;2024-06;47516.25;45443.67;-2072.58;47516.25;45584.26;-1931.99;-1931.99;8.16035535;4019.29;917.0;24.0;4.0;3.0;0.0;0.0;2024.06.02 22:05:00;2024.06.30 23:59:59;-4.361834109383632;True
3.0;2.0;HERMES_PIVO_INICIO;2024-07;45443.67;51434.76;5991.09;45584.26;51434.76;5850.5;5850.5;4.82984103;2610.29;1051.0;38.0;6.0;7.0;0.0;0.0;2024.07.01 00:00:00;2024.07.31 23:59:59;13.183552296722514;True
3.0;2.0;HERMES_PIVO_INICIO;2024-08;51434.76;47767.39;-3667.37;51434.76;47767.39;-3667.37;-3667.37;10.69339144;5719.57;1008.0;35.0;11.0;11.0;0.0;0.0;2024.08.01 00:00:00;2024.08.30 20:57:59;-7.130139228801689;True
3.0;2.0;HERMES_PIVO_INICIO;2024-09;47767.39;54074.99;6307.6;47767.39;54074.99;6307.6;6307.6;6.07195094;3243.08;963.0;35.0;7.0;7.0;0.0;0.0;2024.09.01 22:05:00;2024.09.30 23:59:59;13.204824462881476;True
3.0;2.0;HERMES_PIVO_INICIO;2024-10;54074.99;54534.9;459.91;54074.99;54534.9;459.91;459.91;8.78338879;5251.25;1058.0;37.0;10.0;10.0;0.0;0.0;2024.10.01 00:00:00;2024.10.31 23:59:59;0.8505040870095399;True
3.0;2.0;HERMES_PIVO_INICIO;2024-11;54534.9;60426.44;5891.54;54534.9;60426.44;5891.54;5891.54;5.99121558;3851.0;948.0;16.0;3.0;3.0;0.0;0.0;2024.11.01 00:00:00;2024.11.29 18:29:59;10.803247094979545;True
3.0;2.0;HERMES_PIVO_INICIO;2024-12;60426.44;60480.5;54.06;60426.44;60480.5;54.06;54.06;7.96194148;5231.99;959.0;24.0;6.0;6.0;0.0;0.0;2024.12.01 23:05:00;2024.12.31 21:57:59;0.08946414847540249;True
3.0;2.0;HERMES_PIVO_INICIO;2025-01;60480.5;66751.38;6270.88;60480.5;66751.38;6270.88;6270.88;6.20323017;3919.89;1006.0;35.0;8.0;8.0;0.0;0.0;2025.01.01 23:05:00;2025.01.31 21:57:59;10.368432800654757;True
3.0;2.0;HERMES_PIVO_INICIO;2025-02;66751.38;75274.04;8522.66;66751.38;75274.04;8522.66;8522.66;5.29609626;3981.79;915.0;40.0;8.0;8.0;0.0;0.0;2025.02.02 23:05:00;2025.02.28 21:57:59;12.767765999744125;True
3.0;2.0;HERMES_PIVO_INICIO;2025-03;75274.04;84293.76;9019.72;75274.04;80157.75;4883.71;4883.71;6.3287494;5129.39;970.0;34.0;11.0;10.0;0.0;0.0;2025.03.02 23:05:00;2025.03.31 23:59:59;11.98251083640522;True
3.0;2.0;HERMES_PIVO_INICIO;2025-04;84293.76;106679.96;22386.2;80157.75;106679.96;26522.21;26522.21;7.5552606;7553.47;966.0;21.0;2.0;3.0;0.0;0.0;2025.04.01 00:00:00;2025.04.30 23:59:59;26.557363202210936;True
3.0;2.0;HERMES_PIVO_INICIO;2025-05;106679.96;103542.58;-3137.38;106679.96;103542.58;-3137.38;-3137.38;4.90356227;5339.08;1003.0;6.0;2.0;2.0;0.0;0.0;2025.05.01 00:00:00;2025.05.30 20:57:59;-2.9409272369430957;True
3.0;2.0;HERMES_PIVO_INICIO;2025-06;103542.58;106980.6;3438.02;103542.58;106980.6;3438.02;3438.02;5.81400263;6603.8;963.0;21.0;6.0;6.0;0.0;0.0;2025.06.01 22:05:00;2025.06.30 23:59:59;3.3203924414477597;True
3.0;2.0;HERMES_PIVO_INICIO;2025-07;106980.6;109531.46;2550.86;106980.6;109531.46;2550.86;2550.86;2.61818901;2897.3;1050.0;23.0;8.0;8.0;0.0;0.0;2025.07.01 00:00:00;2025.07.31 23:59:59;2.384413622656818;True
3.0;2.0;HERMES_PIVO_INICIO;2025-08;109531.46;114144.05;4612.59;109531.46;114677.54;5146.08;5146.08;3.24614232;3608.69;966.0;17.0;6.0;5.0;0.0;0.0;2025.08.01 00:00:00;2025.08.31 23:59:59;4.211201055842769;True
3.0;2.0;HERMES_PIVO_INICIO;2025-09;114144.05;130180.05;16036.0;114677.54;129807.55;15130.01;15130.01;5.66555141;7419.09;1007.0;40.0;8.0;8.0;0.0;0.0;2025.09.01 00:00:00;2025.09.30 23:59:59;14.048914507589313;True
3.0;2.0;HERMES_PIVO_INICIO;2025-10;130180.05;144432.07;14252.02;129807.55;144432.07;14624.52;14624.52;9.47119097;15110.59;1054.0;37.0;8.0;9.0;0.0;0.0;2025.10.01 00:00:00;2025.10.31 20:57:59;10.947929425438076;True
3.0;2.0;HERMES_PIVO_INICIO;2025-11;144432.07;153112.91;8680.84;144432.07;153112.91;8680.84;8680.84;6.93153013;10795.4;913.0;29.0;6.0;6.0;0.0;0.0;2025.11.02 23:01:00;2025.11.30 23:59:59;6.010327207800871;True
3.0;2.0;HERMES_PIVO_INICIO;2025-12;153112.91;152925.56;-187.35;153112.91;152925.56;-187.35;-187.35;7.46085376;11638.0;1003.0;32.0;10.0;10.0;0.0;0.0;2025.12.01 00:00:00;2025.12.31 21:57:59;-0.12236068140824964;True
3.0;2.0;HERMES_PIVO_INICIO;2026-01;152925.56;203016.57;50091.01;152925.56;203016.57;50091.01;50091.01;6.8528733;12616.37;961.0;38.0;11.0;11.0;0.0;0.0;2026.01.01 23:05:00;2026.01.30 21:57:58;32.755158784443886;True
3.0;2.0;HERMES_PIVO_INICIO;2026-02;203016.57;181467.67;-21548.9;203016.57;181467.67;-21548.9;-21548.9;19.34138576;43514.71;915.0;26.0;6.0;6.0;0.0;0.0;2026.02.01 23:01:38;2026.02.27 21:57:58;-10.61435527159187;True
3.0;2.0;HERMES_PIVO_INICIO;2026-03;181467.67;190464.68;8997.01;181467.67;171585.77;-9881.9;-9881.9;6.97601049;12678.89;1016.0;10.0;4.0;3.0;0.0;0.0;2026.03.01 23:01:31;2026.03.31 23:59:59;4.957913439898137;True
3.0;2.0;HERMES_PIVO_INICIO;2026-04;190464.68;186072.07;-4392.61;171585.77;186574.27;14988.5;14988.5;11.82990084;24965.54;966.0;17.0;5.0;5.0;0.0;0.0;2026.04.01 00:00:00;2026.04.30 23:59:59;-2.306259617268671;True
3.0;2.0;HERMES_PIVO_INICIO;2026-05;186072.07;179096.25;-6975.82;186574.27;177582.54;-8991.73;-8991.73;7.66843316;14631.77;961.0;16.0;4.0;4.0;0.0;0.0;2026.05.01 00:00:00;2026.05.31 23:59:59;-3.7489882280559352;True
3.0;2.0;HERMES_PIVO_INICIO;2026-06;179096.25;170589.65;-8506.6;177582.54;170589.65;-6992.89;-6992.89;5.09328377;9154.9;1004.0;4.0;2.0;3.0;0.0;0.0;2026.06.01 00:00:00;2026.06.30 23:59:59;-4.749736524354921;True
3.0;2.0;HERMES_PIVO_INICIO;2026-07;170589.65;173425.37;2835.72;170589.65;173425.37;2835.72;2835.72;5.65384291;10392.79;1046.0;22.0;6.0;6.0;0.0;0.0;2026.07.01 00:00:00;2026.07.31 20:57:59;1.6623048350236957;True
3.0;2.0;HERMES_PIVO_INICIO;2026-08;173425.37;186618.35;13192.98;173425.37;186618.35;13192.98;13192.98;4.45007095;8136.9;970.0;38.0;12.0;12.0;0.0;0.0;2026.08.02 22:01:30;2026.08.31 23:59:58;7.607295287880891;True
3.0;2.0;HERMES_PIVO_INICIO;2026-09;186618.35;179116.06;-7502.29;186618.35;179116.06;-7502.29;-7502.29;7.33915201;14186.79;405.0;3.0;3.0;3.0;0.0;0.0;2026.09.01 00:00:00;2026.09.11 20:57:59;-4.020124494724126;False
